{
    "type": "object",
    "description": "Text message on the screen.",
    "required": [
        "text"
    ],
    "properties": {
        "text": {
            "type": "string",
            "description": "Message will be displayed."
        },
        "font": {
            "type": "string",
            "description": "Path to the font file."
        },
        "color": {
            "type": "string",
            "default": "1 1 1 1",
            "description": "Text color."
        },
        "size": {
            "type": "string",
            "default": "100 100",
            "description": "Size of the text area X, Y."
        },
        "translation": {
            "type": "string",
            "default": "0 0 ",
            "description": "Translate the model along X, Y axes."
        },
        "rotation": {
            "type": "string",
            "default": "0 0 0",
            "description": "Rotation angles (in radians) over X, Y, Z axes."
        }
    }
}