[
  {
    "shortDescription" : "converter",
    "metadataOutputVersion" : "3.0",
    "outputSchema" : [
      {
        "hasShapeFlexibility" : "0",
        "isOptional" : "0",
        "dataType" : "Float32",
        "formattedType" : "MultiArray (Float32 4 × 128 × 128)",
        "shortDescription" : "",
        "shape" : "[4, 128, 128]",
        "name" : "output1",
        "type" : "MultiArray"
      }
    ],
    "version" : "",
    "modelParameters" : [

    ],
    "author" : "ruslan.asaula@banuba.com",
    "specificationVersion" : 2,
    "license" : "CopyRight LLC Banuba Development",
    "isUpdatable" : "0",
    "availability" : {
      "macOS" : "10.13.2",
      "tvOS" : "11.2",
      "watchOS" : "4.2",
      "iOS" : "11.2",
      "macCatalyst" : "11.2"
    },
    "modelType" : {
      "name" : "MLModelType_neuralNetwork"
    },
    "inputSchema" : [
      {
        "hasShapeFlexibility" : "0",
        "isOptional" : "0",
        "dataType" : "Float32",
        "formattedType" : "MultiArray (Float32 3 × 128 × 128)",
        "shortDescription" : "",
        "shape" : "[3, 128, 128]",
        "name" : "input1",
        "type" : "MultiArray"
      },
      {
        "hasShapeFlexibility" : "0",
        "isOptional" : "0",
        "dataType" : "Float32",
        "formattedType" : "MultiArray (Float32 3 × 128 × 128)",
        "shortDescription" : "",
        "shape" : "[3, 128, 128]",
        "name" : "input2",
        "type" : "MultiArray"
      }
    ],
    "userDefinedMetadata" : {

    },
    "generatedClassName" : "coreMLRetina_fp16",
    "neuralNetworkLayerTypeHistogram" : {
      "Concat" : 1,
      "Reshape" : 1,
      "UpsampleNearestNeighbor" : 5,
      "Flatten" : 1,
      "Softmax" : 1,
      "ActivationPReLU" : 18,
      "BatchNorm" : 18,
      "Convolution" : 19,
      "InnerProduct" : 2,
      "PoolingMax" : 5
    },
    "method" : "predict"
  }
]