[
  {
    "metadataOutputVersion" : "3.0",
    "storagePrecision" : "Float32",
    "outputSchema" : [
      {
        "hasShapeFlexibility" : "0",
        "isOptional" : "0",
        "dataType" : "Float32",
        "formattedType" : "MultiArray (Float32)",
        "shortDescription" : "",
        "shape" : "[]",
        "name" : "output",
        "type" : "MultiArray"
      }
    ],
    "modelParameters" : [

    ],
    "specificationVersion" : 5,
    "computePrecision" : "Float16",
    "isUpdatable" : "0",
    "availability" : {
      "macOS" : "11.0",
      "tvOS" : "14.0",
      "watchOS" : "7.0",
      "iOS" : "14.0",
      "macCatalyst" : "14.0"
    },
    "neuralNetworkLayerTypeHistogram" : {
      "Concat" : 3,
      "UnaryThreshold" : 12,
      "Convolution" : 54,
      "ActivationSigmoid" : 3,
      "UpsampleBiLinear" : 2,
      "MultiplyBroadcastable" : 5,
      "PaddingConstant" : 3,
      "UpsampleNearestNeighbor" : 1,
      "Deconvolution" : 1,
      "Add" : 21,
      "Multiply" : 21,
      "ActivationLinear" : 24,
      "ActivationReLU" : 37,
      "PoolingAverage" : 5
    },
    "modelType" : {
      "name" : "MLModelType_neuralNetwork"
    },
    "userDefinedMetadata" : {
      "com.github.apple.coremltools.version" : "6.3.0",
      "com.github.apple.coremltools.source" : "tensorflow==2.12.0"
    },
    "generatedClassName" : "npu_15_album_240x416",
    "inputSchema" : [
      {
        "dataType" : "Float32",
        "hasShapeFlexibility" : "1",
        "isOptional" : "0",
        "shapeFlexibility" : "1... × 4 × 240 × 416",
        "shapeRange" : "[[1, -1], [4, 4], [240, 240], [416, 416]]",
        "formattedType" : "MultiArray (Float32 1 × 4 × 240 × 416)",
        "type" : "MultiArray",
        "shape" : "[1, 4, 240, 416]",
        "name" : "input",
        "shortDescription" : ""
      }
    ],
    "method" : "predict"
  }
]