[
  {
    "metadataOutputVersion" : "3.0",
    "storagePrecision" : "Float16",
    "outputSchema" : [
      {
        "hasShapeFlexibility" : "0",
        "isOptional" : "0",
        "dataType" : "Float32",
        "formattedType" : "MultiArray (Float32 1 × 144 × 256)",
        "shortDescription" : "",
        "shape" : "[1, 144, 256]",
        "name" : "output1",
        "type" : "MultiArray"
      }
    ],
    "modelParameters" : [

    ],
    "specificationVersion" : 2,
    "computePrecision" : "Float16",
    "isUpdatable" : "0",
    "availability" : {
      "macOS" : "10.13.2",
      "tvOS" : "11.2",
      "watchOS" : "4.2",
      "iOS" : "11.2",
      "macCatalyst" : "11.2"
    },
    "neuralNetworkLayerTypeHistogram" : {
      "Concat" : 3,
      "Multiply" : 2,
      "ActivationReLU" : 37,
      "ResizeBilinear" : 3,
      "Add" : 14,
      "PoolingAverage" : 2,
      "Deconvolution" : 2,
      "BatchNorm" : 51,
      "Convolution" : 58,
      "ActivationSigmoid" : 3
    },
    "modelType" : {
      "name" : "MLModelType_neuralNetwork"
    },
    "userDefinedMetadata" : {
      "com.github.apple.coremltools.version" : "4.1",
      "com.github.apple.coremltools.source" : "keras==2.3.1"
    },
    "generatedClassName" : "cmlBG",
    "inputSchema" : [
      {
        "hasShapeFlexibility" : "0",
        "isOptional" : "0",
        "dataType" : "Float32",
        "formattedType" : "MultiArray (Float32 4 × 144 × 256)",
        "shortDescription" : "",
        "shape" : "[4, 144, 256]",
        "name" : "input1",
        "type" : "MultiArray"
      }
    ],
    "method" : "predict"
  }
]