[
  {
    "metadataOutputVersion" : "3.0",
    "storagePrecision" : "Float16",
    "outputSchema" : [
      {
        "hasShapeFlexibility" : "0",
        "isOptional" : "0",
        "dataType" : "Float32",
        "formattedType" : "MultiArray (Float32)",
        "shortDescription" : "",
        "shape" : "[]",
        "name" : "output",
        "type" : "MultiArray"
      }
    ],
    "modelParameters" : [

    ],
    "specificationVersion" : 5,
    "computePrecision" : "Float16",
    "isUpdatable" : "0",
    "stateSchema" : [

    ],
    "availability" : {
      "macOS" : "11.0",
      "tvOS" : "14.0",
      "visionOS" : "1.0",
      "watchOS" : "7.0",
      "iOS" : "14.0",
      "macCatalyst" : "14.0"
    },
    "modelType" : {
      "name" : "MLModelType_neuralNetwork"
    },
    "userDefinedMetadata" : {
      "com.github.apple.coremltools.version" : "6.3.0",
      "com.github.apple.coremltools.source" : "tensorflow==2.12.0"
    },
    "inputSchema" : [
      {
        "hasShapeFlexibility" : "0",
        "isOptional" : "0",
        "dataType" : "Float32",
        "formattedType" : "MultiArray (Float32 1 × 3 × 192 × 320)",
        "shortDescription" : "",
        "shape" : "[1, 3, 192, 320]",
        "name" : "input1",
        "type" : "MultiArray"
      },
      {
        "hasShapeFlexibility" : "0",
        "isOptional" : "0",
        "dataType" : "Float32",
        "formattedType" : "MultiArray (Float32 1 × 1 × 192 × 320)",
        "shortDescription" : "",
        "shape" : "[1, 1, 192, 320]",
        "name" : "input2",
        "type" : "MultiArray"
      }
    ],
    "generatedClassName" : "model_151",
    "neuralNetworkLayerTypeHistogram" : {
      "Concat" : 2,
      "Multiply" : 35,
      "UpsampleBiLinear" : 3,
      "ActivationSigmoidHard" : 35,
      "Add" : 1,
      "Deconvolution" : 1,
      "Convolution" : 36,
      "AddBroadcastable" : 2,
      "ActivationSigmoid" : 1
    },
    "method" : "predict"
  }
]