[
  {
    "metadataOutputVersion" : "3.0",
    "storagePrecision" : "Float16",
    "outputSchema" : [
      {
        "hasShapeFlexibility" : "0",
        "isOptional" : "0",
        "dataType" : "Float32",
        "formattedType" : "MultiArray (Float32)",
        "shortDescription" : "",
        "shape" : "[]",
        "name" : "output",
        "type" : "MultiArray"
      }
    ],
    "modelParameters" : [

    ],
    "specificationVersion" : 5,
    "computePrecision" : "Float16",
    "isUpdatable" : "0",
    "stateSchema" : [

    ],
    "availability" : {
      "macOS" : "11.0",
      "tvOS" : "14.0",
      "visionOS" : "1.0",
      "watchOS" : "7.0",
      "iOS" : "14.0",
      "macCatalyst" : "14.0"
    },
    "modelType" : {
      "name" : "MLModelType_neuralNetwork"
    },
    "userDefinedMetadata" : {
      "com.github.apple.coremltools.version" : "6.3.0",
      "com.github.apple.coremltools.source" : "tensorflow==2.12.0"
    },
    "inputSchema" : [
      {
        "dataType" : "Float32",
        "hasShapeFlexibility" : "1",
        "isOptional" : "0",
        "shapeFlexibility" : "1... × 3 × 320 × 192",
        "shapeRange" : "[[1, -1], [3, 3], [320, 320], [192, 192]]",
        "formattedType" : "MultiArray (Float32 1 × 3 × 320 × 192)",
        "type" : "MultiArray",
        "shape" : "[1, 3, 320, 192]",
        "name" : "input1",
        "shortDescription" : ""
      },
      {
        "dataType" : "Float32",
        "hasShapeFlexibility" : "1",
        "isOptional" : "0",
        "shapeFlexibility" : "1... × 1 × 320 × 192",
        "shapeRange" : "[[1, -1], [1, 1], [320, 320], [192, 192]]",
        "formattedType" : "MultiArray (Float32 1 × 1 × 320 × 192)",
        "type" : "MultiArray",
        "shape" : "[1, 1, 320, 192]",
        "name" : "input2",
        "shortDescription" : ""
      }
    ],
    "generatedClassName" : "model_64",
    "neuralNetworkLayerTypeHistogram" : {
      "Concat" : 3,
      "UnaryThreshold" : 12,
      "Convolution" : 57,
      "UpsampleINVALID" : 2,
      "UpsampleBiLinear" : 2,
      "ActivationSigmoid" : 3,
      "MultiplyBroadcastable" : 5,
      "PaddingConstant" : 3,
      "Deconvolution" : 2,
      "Multiply" : 21,
      "Add" : 22,
      "ActivationLinear" : 24,
      "ActivationReLU" : 39,
      "PoolingAverage" : 5
    },
    "method" : "predict"
  }
]