{
    "version" : 1,
    
    "makeups" : [
        { "id": "Iris" },
        { "id": "Aster" },
        { "id": "Freesia" },
        { "id": "Carnation" },
        { "id": "Begonia" },
        { "id": "Jasmine" },
        { "id": "Daisy" },
        { "id": "Flirty" },
        { "id": "Tulip" },
        { "id": "Sunset" },
        { "id": "Smoky" },
        { "id": "Femme" },
        { "id": "Romp" },
        { "id": "Holy" },
        { "id": "Bounty" },
        { "id": "Lotus" },
        { "id": "Brun" },
        { "id": "Icon" },
        { "id": "Crocus" },
        { "id": "Malt" },
        { "id": "Kid" },
        { "id": "Bluebell" },
        { "id": "Foxy" },
        { "id": "Swan" },
        { "id": "Dreamy" },
        { "id": "Twilight" },
        { "id": "Galaxy" },
        { "id": "Elf" },
        { "id": "Gloom" },
        { "id": "Elegant" },
        { "id": "Feast" },
        { "id": "40s" },
        { "id": "Coral" },
        { "id": "Mermaid" },
        { "id": "Cleo" },
        { "id": "Dusk" },
        { "id": "Stylish" },
        { "id": "Glitz" },
        { "id": "Flash" },
        { "id": "Karma" },
        { "id": "Fairy" },
        { "id": "Sugar" },
        { "id": "Misty" },
        { "id": "Peachy" },
        { "id": "Hush" },
        { "id": "Fresh" },
        { "id": "Hippie" },
        { "id": "Crystal" },
        { "id": "Queen" },
        { "id": "Xmas" },
        { "id": "Snowy" },
        { "id": "Candy" },
        { "id": "Club" },
        { "id": "Dewy" },
        { "id": "Drama" },
        { "id": "Swish" },
        { "id": "Cutie" },
        { "id": "Hearts" },
        { "id": "Lovebug" },
        { "id": "Glossy" },
        { "id": "Romance" },
        { "id": "Bemine" },
    ],
    "neuroBeautyLuts" : [
        { "id": "N50" },
        { "id": "N60" },
        { "id": "N70" },
        { "id": "N90" },
        { "id": "B45" },
        { "id": "B50" },
        { "id": "B55" },
        { "id": "B60" },
        { "id": "B65" },
        { "id": "B70" },
        { "id": "B75" },
        { "id": "B80" },
        { "id": "Y45" },
        { "id": "Y55" },
        { "id": "Y60" },
        { "id": "Y65" },
        { "id": "Y70" },
        { "id": "Y75" },
        { "id": "Y80" },
        { "id": "Y95" },
        { "id": "R40" },
        { "id": "R45" },
        { "id": "R50" },
        { "id": "R60" },
        { "id": "R70" },
        { "id": "R80" },
        { "id": "R90" },
        { "id": "R100" },
    ],
    "neuroBeautyLashes" : [
        { "id": "Luxe" },
        { "id": "Foxy" },
        { "id": "Remy" },
        { "id": "Lilly" },
        { "id": "Eden" },
        { "id": "Classy" },
        { "id": "Icon" },
        { "id": "Ora" },
        { "id": "Extra" },
        { "id": "Bella" },
        { "id": "Doll" },
    ],
    "blush" : [
        { "id": "B01" },
        { "id": "B02" },
        { "id": "B03" },
        { "id": "B04" },
        { "id": "B05" },
        { "id": "B06" },
        { "id": "B07" },
        { "id": "B08" },
        { "id": "B09" },
        { "id": "B10" },
    ],
    "hairColors" : [
        { "id": "Pink", "color": "1.0 0.2211 0.6921 1.0" },
        { "id": "Avocado", "color": "0.0471 0.7098 0.0 0.3 0.8275 0.9961 0.0706 0.7" },
        { "id": "Brunette", "color": "0.0 0.1136 0.2149 1.0" },
        { "id": "Blue", "color": "0.0 0.408 1.0 1.0" },
        { "id": "Bisque", "color": "0.5826 0.3740 0.3058 1.0" },
        { "id": "Violet", "color": "0.7459 0.2211 1.0 1.0" },
        { "id": "Chocolate", "color": "0.8636 0.4442 0.2066 1.0" },
        { "id": "Guava", "color": "0.6784 0.0 0.6392 0.3 0.9137 0.9098 0.0 0.7" },
        { "id": "Brown", "color": "0.7459 0.6632 0.6302 1.0" },
        { "id": "Fig", "color": "0.3686 0.1294 0.5333 0.2 0.0275 0.6235 0.8235 0.9" },
        { "id": "Silver", "color": "0.0930 0.3388 0.4587 1.0" },
        { "id": "Red", "color": "1.0 0.0 0.0 1.0" },
        { "id": "Moro", "color": "0.5868 0.4669 0.2810 1.0" },
        { "id": "Green", "color": "0.0 0.737 0.247 1.0" },
        { "id": "Rufous", "color": "0.8616 0.4380 0.1508 1.0" },
        { "id": "Purple", "color": "0.478 0.0 0.898 1.0" },
        { "id": "Blonde", "color": "0.5682 0.3988 0.2149 1.0" },
        { "id": "Plum", "color": "0.0392 0.0549 0.0667 0.01 0.5451 0.8275 0.8824 0.99" },
        { "id": "Mint", "color": "0.282 1.0 0.0 1.0" },
        { "id": "Grape", "color": "1.0 0.5294 0.6392 0.3 0.2588 0.8667 0.9059 0.7" },
        { "id": "Peru", "color": "0.5868 0.3368 0.0 1.0" },
        { "id": "Cobalt", "color": "0.0 0.918 1.0 1.0" },
        { "id": "Eggplant", "color": "0.4588 0.0902 0.3882 0.2 0.2588 0.8667 0.9059 0.9" },
        { "id": "Yellow", "color": "1.0 0.859 0.145 1.0" },
        { "id": "Cherry", "color": "0.4706 0.0078 0.1098 0.01 0.8157 0.2235 0.3608 0.5 1 0.6706 0.6706 0.8" },
        { "id": "Daino", "color": "0.5331 0.2996 0.0517 1.0" },
        { "id": "Lavender", "color": "0.827 0.0 0.788 1.0" },
        { "id": "Ginger", "color": "1.0 0.498 0.0 1.0" },
        { "id": "Copper", "color": "0.5868 0.2562 0.0 1.0" },
        { "id": "Rose", "color": "1.0 0.0 0.569 1.0" },
        { "id": "Bambu", "color": "0.6116 0.3822 0.1529 1.0" },
        { "id": "Kiwi", "color": "0.1608 0.0039 0.3216 0.01 0.0 0.3098 0.6157 0.35 0.2588 0.8667 0.9059 0.55 0.1843 1.0 0.7686 0.99" },
        { "id": "Goldenrod", "color": "0.5021 0.3120 0.0640 1.0" },
        { "id": "Apple", "color": "0.5451 1.0 0.4392 0.01 0.9137 1.0 0.4392 0.45 1.0 0.5843 0.702 0.95" },
        { "id": "Sienna", "color": "0.5868 0.2769 0.0847 1.0" },
        { "id": "Pitaya", "color": "0.5765 0.2588 0.1843 0.01 1 0.4431 0.25451 0.99" }
    ],
    "lipsColors" : [
        { "id": "Raspberry", "color": "1.0 0.0 0.2417 0.9917", "shineColor": "" },
        { "id": "Syrup", "color": "0.89 0.64 0.63 1.0", "shineColor": "0.997 0.0 0.0 1.0" },
        { "id": "Diva", "color": "0.87 0.20 0.22 1.0", "shineColor": "0.935 1.82 0.5 0.95" },
        { "id": "Pink", "color": "0.6591 0.8202 0.7169 0.9253", "shineColor": "" },
        { "id": "Nude", "color": "0.53 0.42 0.33 1.0", "shineColor": "0.997 0.0 0.0 1.0" },
        { "id": "Melon", "color": "0.92 0.54 0.11 1.0", "shineColor": "0.935 1.82 0.5 0.95" },
        { "id": "Red", "color": "1.0 0.0 0.0 0.6515", "shineColor": "" },
        { "id": "Kiss", "color": "0.44 0.13 0.15 1.0", "shineColor": "0.997 0.0 0.0 1.0" },
        { "id": "Retro", "color": "0.85 0.53 0.53 1.0", "shineColor": "0.935 1.82 0.5 0.95" },
        { "id": "Violet", "color": "0.6880 0.1860 0.9236 0.6349", "shineColor": "" },
        { "id": "Taffy", "color": "0.94 0.20 0.34 1.0", "shineColor": "0.997 0.0 0.0 1.0" },
        { "id": "Brave", "color": "0.96 0.36 0.25 1.0", "shineColor": "0.935 1.82 0.5 0.95" },
        { "id": "Brown", "color": "1.0 0.2087 0.0 0.6515", "shineColor": "" },
        { "id": "Heroine", "color": "0.70 0.35 0.51 1.0", "shineColor": "0.997 0.0 0.0 1.0" },
        { "id": "Beige", "color": "0.52 0.35 0.38 1.0", "shineColor": "0.935 1.82 0.5 0.95" },
        { "id": "Lilac", "color": "1.0 0.0 0.5764 0.9917", "shineColor": "" },
        { "id": "Night", "color": "0.21 0.22 0.23 1.0", "shineColor": "0.997 0.0 0.0 1.0" },
        { "id": "Berry", "color": "0.86 0.57 0.61 1.0", "shineColor": "0.935 1.82 0.5 0.95" },
        { "id": "CafeChic", "color": "1.0 0.2707 0.0 0.7407", "shineColor": "" },
        { "id": "Unicorn", "color": "0.71 0.40 0.49 1.0", "shineColor": "0.997 0.0 0.0 1.0" },
        { "id": "Sahara", "color": "0.70 0.51 0.50 1.0", "shineColor": "0.935 1.82 0.5 0.95" },
        { "id": "CalmPink", "color": "1.0 0.0248 0.4504 0.6722", "shineColor": "" },
        { "id": "Cherry", "color": "0.75 0.11 0.16 1.0", "shineColor": "0.997 0.0 0.0 1.0" },
        { "id": "Muse", "color": "0.45 0.26 0.35 1.0", "shineColor": "0.935 1.82 0.5 0.95" },
        { "id": "Flirt", "color": "0.80 0.54 0.51 1.0", "shineColor": "0.997 0.0 0.0 1.0" },
        { "id": "Punch", "color": "0.75 0.12 0.15 1.0", "shineColor": "0.935 1.82 0.5 0.95" },
        { "id": "Rebel", "color": "0.43 0.41 0.45 1.0", "shineColor": "0.997 0.0 0.0 1.0" },
        { "id": "Peach", "color": "0.82 0.50 0.48 1.0", "shineColor": "0.935 1.82 0.5 0.95" },
        { "id": "Candy", "color": "1.0 0.0 0.8719 0.7407", "shineColor": "" },
        { "id": "Medusa", "color": "0.38 0.23 0.22 1.0", "shineColor": "0.997 0.0 0.0 1.0" },
        { "id": "Pearl", "color": "0.82 0.54 0.53 1.0", "shineColor": "0.935 1.82 0.5 0.95" },
        { "id": "Glintwein", "color": "1.0 0.0413 0.1694 0.7407", "shineColor": "" },
        { "id": "Disco", "color": "0.89 0.25 0.44 1.0", "shineColor": "0.997 0.0 0.0 1.0" },
        { "id": "Lollipop", "color": "0.69 0.45 0.60 1.0", "shineColor": "0.935 1.82 0.5 0.95" },
        { "id": "Bronze", "color": "0.5331 0.0 0.0 0.5954", "shineColor": "" },
        { "id": "Mocha", "color": "0.51 0.26 0.26 1.0", "shineColor": "0.997 0.0 0.0 1.0" },
        { "id": "Mauve", "color": "0.39 0.24 0.35 1.0", "shineColor": "0.935 1.82 0.5 0.95" },
        { "id": "Belle", "color": "0.74 0.39 0.44 1.0", "shineColor": "0.935 1.82 0.5 0.95" },
        { "id": "Apricot", "color": "0.60 0.23 0.17 1.0", "shineColor": "0.997 0.0 0.0 1.0" },
        { "id": "Burgundy", "color": "1.0 0.0599 0.4504 0.7407", "shineColor": "" },
        { "id": "Honey", "color": "0.63 0.41 0.35 1.0", "shineColor": "0.935 1.82 0.5 0.95" },
        { "id": "Icon", "color": "0.66 0.22 0.27 1.0", "shineColor": "0.997 0.0 0.0 1.0" },
        { "id": "Coral", "color": "0.7872 0.0 0.1198 0.6722", "shineColor": "" },
        { "id": "Angel", "color": "0.61 0.31 0.33 1.0", "shineColor": "0.997 0.0 0.0 1.0" },
        { "id": "Peony", "color": "0.45 0.25 0.35 1.0", "shineColor": "0.935 1.82 0.5 0.95" },
        { "id": "Cream", "color": "0.44 0.18 0.22 1.0", "shineColor": "0.997 0.0 0.0 1.0" }
    ],
    "eyesColors" : [
        { "id": "Pacific", "color": "0.2190 0.4855 0.6467 1.0" },
        { "id": "India", "color": "1.0 0.6777 0.6467 1.0" },
        { "id": "Honey", "color": "1.0 0.6694 0.0 1.0" },
        { "id": "Green", "color": "0.8326 1.0 0.0 1.0" },
        { "id": "Grey", "color": "1.0 1.0 1.0 1.0" },
        { "id": "Purple", "color": "0.8595 0.1116 1.0 1.0" },
        { "id": "Blue", "color": "0.0 0.8285 1.0 1.0" },
        { "id": "Brown", "color": "1.0 0.7645 0.0 1.0" },
        { "id": "Hazel", "color": "1.0 0.7521 0.6467 1.0" },
        { "id": "Jade", "color": "0.2231 0.6942 0.6467 1.0" },
        { "id": "Emerald", "color": "0.2231 1.0 0.1178 1.0" },
        { "id": "Sapphire", "color": "0.0 0.3554 0.6467 1.0" },
        { "id": "Red", "color": "0.6198 0.0 0.0 1.0" },
        { "id": "Yellow", "color": "0.7252 0.7025 0.0 1.0" }
    ],
    "backdrops" : [
        { "id": "Shore" },
        { "id": "Office" },
        { "id": "Bouquet" },
        { "id": "Butterfly" },
        { "id": "Tropical" },
        { "id": "Floral" },
        { "id": "Letters" },
        { "id": "Bokeh" },
        { "id": "Lotus" },
        { "id": "Glare" },
        { "id": "Oranges" },
        { "id": "Jungle" },
        { "id": "Space" },
        { "id": "Summer" },
        { "id": "Bar" },
        { "id": "Home" },
        { "id": "Dawn" },
        { "id": "Beach" },
        { "id": "Galaxy" },
        { "id": "Allure" },
        { "id": "Hawaii" },
        { "id": "Lights" },
        { "id": "Rainbow" },
        { "id": "Glamour" },
        { "id": "Frost" },
        { "id": "Fruits" },
        { "id": "Mist" },
        { "id": "Ocean" },
        { "id": "Sky" },
        { "id": "Daisy" },
        { "id": "Gradient" },
        { "id": "Candies" },
        { "id": "Gifts" },
        { "id": "Baubles" },
    ],
    "filters" : [
        { "id": "Gray" },
        { "id": "Blond" },
        { "id": "Chocolate" },
        { "id": "Frosty" },
        { "id": "Rainy" },
        { "id": "Indie" },
        { "id": "Snowy" },
        { "id": "Midnight" },
        { "id": "Moon" },
        { "id": "Nevada" },
        { "id": "Olive" },
        { "id": "Peach" },
        { "id": "Pink" },
        { "id": "Sky" },
        { "id": "Summer" },
        { "id": "Clear" },
        { "id": "Sunshine" },
        { "id": "Heatwave" },
        { "id": "Foggy" },
        { "id": "Fair" },
        { "id": "Fuji" },
        { "id": "Full Moon" },
        { "id": "Sunrise" },
        { "id": "Egypt" },
        { "id": "Byers" },
        { "id": "Chile" },
        { "id": "Hyla" },
        { "id": "New Zealand" },
        { "id": "Korben" },
        { "id": "Japan" },
        { "id": "Lucky" },
        { "id": "England" },
        { "id": "McKinnon" },
        { "id": "Norway" },
        { "id": "Neon" },
        { "id": "LUX" },
        { "id": "Paladin" },
        { "id": "Canada" },
        { "id": "Remy" },
        { "id": "Contrast" },
        { "id": "Icy" },
        { "id": "Santa" },
        { "id": "Winter" },
        { "id": "Brumal" },
    ],
    "foregrounds" : [
        { "id": "Love01", "renderType" : "normal" },
        { "id": "Love02", "renderType" : "screen" },
        { "id": "Confetti01", "renderType" : "normal" },
        { "id": "Glare01", "renderType" : "screen" },
        { "id": "Glare02", "renderType" : "screen" },
        { "id": "Haze01", "renderType" : "screen" },
        { "id": "Haze02", "renderType" : "screen" },
        { "id": "Haze03", "renderType" : "screen" },
        { "id": "Shadow01", "renderType" : "normal" },
        { "id": "Bokeh01", "renderType" : "screen" },
        { "id": "Bokeh02", "renderType" : "screen" },
        { "id": "Bokeh03", "renderType" : "screen" },
        { "id": "Bokeh04", "renderType" : "screen" },
        { "id": "Bokeh05", "renderType" : "screen" },
        { "id": "Bokeh06", "renderType" : "screen" },
        { "id": "Light01", "renderType" : "screen" },
        { "id": "Light02", "renderType" : "screen" },
        { "id": "Light03", "renderType" : "screen" },
        { "id": "Light04", "renderType" : "screen" },
        { "id": "Light05", "renderType" : "screen" },
        { "id": "Light06", "renderType" : "screen" },
        { "id": "Light07", "renderType" : "screen" },
        { "id": "Light08", "renderType" : "screen" },
        { "id": "Light09", "renderType" : "screen" },
        { "id": "Light10", "renderType" : "screen" },
        { "id": "Light11", "renderType" : "screen" },
        { "id": "Light12", "renderType" : "screen" },
        { "id": "Light13", "renderType" : "screen" },
        { "id": "Light14", "renderType" : "screen" },
        { "id": "Light15", "renderType" : "screen" },
        { "id": "Light16", "renderType" : "screen" },
        { "id": "Light17", "renderType" : "screen" },
        { "id": "Light18", "renderType" : "screen" },
        { "id": "Light19", "renderType" : "screen" },
        { "id": "Flare01", "renderType" : "screen" },
        { "id": "Flare02", "renderType" : "screen" },
        { "id": "Snow01", "renderType" : "screen" },
        { "id": "Snow02", "renderType" : "screen" },
        { "id": "Snow03", "renderType" : "screen" },
        { "id": "Bokeh07", "renderType" : "screen" },
        { "id": "Xmas", "renderType" : "screen" },
        
        
    ]
}
