[
  {
    "shortDescription" : "",
    "metadataOutputVersion" : "3.0",
    "outputSchema" : [
      {
        "hasShapeFlexibility" : "0",
        "isOptional" : "0",
        "dataType" : "Float32",
        "formattedType" : "MultiArray (Float32 2 × 336 × 192)",
        "shortDescription" : "",
        "shape" : "[2, 336, 192]",
        "name" : "output1",
        "type" : "MultiArray"
      }
    ],
    "version" : "",
    "modelParameters" : [

    ],
    "author" : "",
    "specificationVersion" : 2,
    "license" : "",
    "isUpdatable" : "0",
    "availability" : {
      "macOS" : "10.13.2",
      "tvOS" : "11.2",
      "watchOS" : "4.2",
      "iOS" : "11.2",
      "macCatalyst" : "11.2"
    },
    "modelType" : {
      "name" : "MLModelType_neuralNetwork"
    },
    "inputSchema" : [
      {
        "hasShapeFlexibility" : "0",
        "isOptional" : "0",
        "dataType" : "Float32",
        "formattedType" : "MultiArray (Float32 4 × 336 × 192)",
        "shortDescription" : "",
        "shape" : "[4, 336, 192]",
        "name" : "input1",
        "type" : "MultiArray"
      }
    ],
    "userDefinedMetadata" : {

    },
    "generatedClassName" : "coreMLHair_336x192_portrait_yuv",
    "neuralNetworkLayerTypeHistogram" : {
      "Concat" : 9,
      "ActivationPReLU" : 26,
      "Add" : 8,
      "PoolingAverage" : 2,
      "BatchNorm" : 26,
      "Convolution" : 32,
      "UpsampleNearestNeighbor" : 4,
      "PoolingMax" : 1
    },
    "method" : "predict"
  }
]