[
  {
    "metadataOutputVersion" : "3.0",
    "storagePrecision" : "Mixed (Float16, Float32)",
    "outputSchema" : [
      {
        "hasShapeFlexibility" : "0",
        "isOptional" : "0",
        "dataType" : "Float32",
        "formattedType" : "MultiArray (Float32)",
        "shortDescription" : "",
        "shape" : "[]",
        "name" : "output1",
        "type" : "MultiArray"
      },
      {
        "hasShapeFlexibility" : "0",
        "isOptional" : "0",
        "dataType" : "Float32",
        "formattedType" : "MultiArray (Float32)",
        "shortDescription" : "",
        "shape" : "[]",
        "name" : "output2",
        "type" : "MultiArray"
      }
    ],
    "modelParameters" : [

    ],
    "specificationVersion" : 5,
    "computePrecision" : "Float16",
    "isUpdatable" : "0",
    "availability" : {
      "macOS" : "11.0",
      "tvOS" : "14.0",
      "visionOS" : "1.0",
      "watchOS" : "7.0",
      "iOS" : "14.0",
      "macCatalyst" : "14.0"
    },
    "neuralNetworkLayerTypeHistogram" : {
      "Concat" : 5,
      "Multiply" : 4,
      "UpsampleBiLinear" : 5,
      "ActivationPReLU" : 48,
      "Add" : 18,
      "Deconvolution" : 2,
      "PoolingAverage" : 4,
      "Convolution" : 75,
      "ActivationSigmoid" : 6,
      "PaddingConstant" : 3
    },
    "modelType" : {
      "name" : "MLModelType_neuralNetwork"
    },
    "userDefinedMetadata" : {
      "com.github.apple.coremltools.version" : "6.3.0",
      "com.github.apple.coremltools.source" : "tensorflow==2.12.0"
    },
    "generatedClassName" : "lips_and_teeth_mnv2_0_5_se_bilinear_patched_fp16",
    "inputSchema" : [
      {
        "hasShapeFlexibility" : "0",
        "isOptional" : "0",
        "dataType" : "Float32",
        "formattedType" : "MultiArray (Float32 1 × 4 × 96 × 96)",
        "shortDescription" : "",
        "shape" : "[1, 4, 96, 96]",
        "name" : "input1",
        "type" : "MultiArray"
      }
    ],
    "method" : "predict"
  }
]